-- phpMyAdmin SQL Dump
-- version 5.2.1
-- https://www.phpmyadmin.net/
--
-- Máy chủ: 127.0.0.1
-- Thời gian đã tạo: Th10 19, 2023 lúc 02:11 PM
-- Phiên bản máy phục vụ: 10.4.28-MariaDB
-- Phiên bản PHP: 8.2.4

SET SQL_MODE = "NO_AUTO_VALUE_ON_ZERO";
START TRANSACTION;
SET time_zone = "+00:00";


/*!40101 SET @OLD_CHARACTER_SET_CLIENT=@@CHARACTER_SET_CLIENT */;
/*!40101 SET @OLD_CHARACTER_SET_RESULTS=@@CHARACTER_SET_RESULTS */;
/*!40101 SET @OLD_COLLATION_CONNECTION=@@COLLATION_CONNECTION */;
/*!40101 SET NAMES utf8mb4 */;

--
-- Cơ sở dữ liệu: `duanmau`
--

-- --------------------------------------------------------

--
-- Cấu trúc bảng cho bảng `binhluan`
--

CREATE TABLE `binhluan` (
  `id` int(11) NOT NULL,
  `noidung` text NOT NULL,
  `iduser` varchar(255) NOT NULL,
  `idpro` int(11) NOT NULL,
  `ngaybinhluan` varchar(255) NOT NULL
) ENGINE=InnoDB DEFAULT CHARSET=utf8mb4 COLLATE=utf8mb4_general_ci;

--
-- Đang đổ dữ liệu cho bảng `binhluan`
--

INSERT INTO `binhluan` (`id`, `noidung`, `iduser`, `idpro`, `ngaybinhluan`) VALUES
(30, 'Đẹp', '3', 12, '00:42:47 15/10/2023'),
(31, 'Tuyệt vời', '3', 12, '00:42:54 15/10/2023'),
(32, 'quá đẹp', '3', 13, '00:43:03 15/10/2023'),
(33, 'Good', '4', 12, '10:52:23 15/10/2023'),
(48, 'Quá tệ', '4', 12, '17:13:29 15/10/2023'),
(49, 'Mình cho rằng thử nghiệm thì ít mà phải chờ thấy được anh đá như thế nào mãng miến ít nhiều cũng bộc lộ ra để người ta xem như Hàn đá với Tunisia ít ra cũng thấy người ta phối hợp như nào để có thể gây bất ngờ Đằng này đá chuyền quá chuyền lại. Thời lứa HAGL U19 mặc dù cũng chuyền quá chuyền lại nhưng ít ra họ biết đột phá tạo đột biến còn đội tuyển mà đá kiểu này làm sao bán vé được!', '3', 12, '20:23:01 15/10/2023'),
(50, 'Bóng đá Việt Nam phải định hình được lối chơi hợp với thể lực kỹ thuật của cầu thủ chúng ta .Chứ cứ đẽo cày giữa đường ông này mang triết lý đến nói cũng hợp .Ông kia đến nói cũng ừ .Chẳng bao giờ bóng đá phát triển được . Nên học cách làm bóng đá quản lý còn chúng ta phải có con đường riêng hợp lý nhất mới thành công .', '4', 12, '20:40:53 15/10/2023'),
(75, 'good', '8', 27, '14:57:17 16/10/2023'),
(76, 'màu đẹp', '3', 28, '16:17:59 16/10/2023'),
(77, 'Màu trắng đẹp', '3', 26, '17:08:44 17/10/2023'),
(78, 'Rất là oke', '8', 38, '23:23:31 18/10/2023');

-- --------------------------------------------------------

--
-- Cấu trúc bảng cho bảng `danhmuc`
--

CREATE TABLE `danhmuc` (
  `id` int(11) NOT NULL,
  `name` varchar(255) NOT NULL
) ENGINE=InnoDB DEFAULT CHARSET=utf8mb4 COLLATE=utf8mb4_general_ci;

--
-- Đang đổ dữ liệu cho bảng `danhmuc`
--

INSERT INTO `danhmuc` (`id`, `name`) VALUES
(56, 'Điện thoại'),
(57, 'Tai nghe'),
(59, 'Chuột'),
(60, 'Bàn phím'),
(62, 'Ipad'),
(63, 'Laptop');

-- --------------------------------------------------------

--
-- Cấu trúc bảng cho bảng `sanpham`
--

CREATE TABLE `sanpham` (
  `id` int(11) NOT NULL,
  `name` varchar(255) NOT NULL,
  `price` double(10,2) NOT NULL DEFAULT 0.00,
  `img` varchar(255) DEFAULT NULL,
  `mota` text DEFAULT NULL,
  `luotxem` int(11) NOT NULL DEFAULT 0,
  `iddm` int(11) NOT NULL
) ENGINE=InnoDB DEFAULT CHARSET=utf8mb4 COLLATE=utf8mb4_general_ci;

--
-- Đang đổ dữ liệu cho bảng `sanpham`
--

INSERT INTO `sanpham` (`id`, `name`, `price`, `img`, `mota`, `luotxem`, `iddm`) VALUES
(24, 'Apple Magic Keyboard( Bàn Phím Không Dây)', 3090000.00, 'sg-11134201-23020-85ytwdaz0cnv28.jpg', 'Bàn phím có thiết kế mỏng, nhè kèm bàn phím số mở rộng\r\nThời lượng pin có thể lên tới 1 tháng sau 1 lần sạc đầy\r\nKết nối: Bluetooth, cổng Lightning, không dây\r\nYêu cầu hệ thống: Máy tính Mac hỗ trợ Bluetooth 4.0 có OS X v10.11 trở lên', 0, 60),
(29, 'Apple Magic Mouse 2 (chuột không dây)  4.8  45 Đánh Giá 125 Đã Bán', 2490000.00, 'sg-11134201-23020-85b0offl2cnv8d.jpg', 'Bộ Sản Phẩm: Chuột không dây\r\nSản phẩm sẽ được đổi trả trong 7 ngày nếu lỗi phần mềm sản xuất.\r\nĐẶC ĐIỂM NỔI BẬT\r\nThiết kế mới nhẹ, gọn, sử dụng sạc pin qua cáp lightning thay cho pin truyền thống\r\nChỉ cần sạc 2 tiếng có thể sử dụng liên tục tới 1 tháng\r\nKết nối Bluetooth với các máy Mac chạy hệ điều hành OS X v10.11\r\nToàn bộ thân chuột sử dụng cảm ứng hoàn toàn.\r\nCông nghệ nhận biết cử chỉ lướt ngang dọc để nhận lệnh.\r\nTính năng khác: 2 tiếng sạc pin cho hơn 1 tháng sử dụng.\r\n#applevietnam #shopdunk #pencil #chuot #chuot_apple #cam_ung #ipad #danhchomacbook #shopdunk #chuot_bluetooh #ios #mouse #white #black  #chinhhang #chinh_hang #apple_vietnam #magic_mouse2 #mouse2 #chuot_apple #chuột_macbook #chuot_macbook #chuotmacbook #chuot_may_tinh #chuotmaytinh', 0, 59),
(30, 'Chuột Không Dây Bluetooth Sạc Được Dạng Đứng Cho Apple Mac Windows Laptop Tablet 2400 DPI', 1000000.00, 'cn-11134207-7qukw-ljkylghgyuicdb.jpg', 'Đặc điểm sản phẩm:\r\n\r\n【Chúi Thiết kế Ergonomic】\r\n- Hình dạng của Chuột Bluetooth này giữ cho bàn tay của bạn ở vị trí công thái học phù hợp, cuối cổ tay và đau vai\r\n\r\n【1 Chuột đa năng】\r\n- Kết nối tối đa 3 thiết bị qua Bluetooth 5.0 + Bluetooth 3.0 + 2.4G không dây, 1 lần nhấp để chuyển đổi từ các thiết bị một cách dễ dàng\r\n\r\n【Nhấp Không ồn & nhấp chuột có vạc】\r\n - Được trang bị 9 nút (không thể lập trình), có nhấp chuột không ồn ào và nút trái / phải bằng giọng nói để đáp ứng các nhu cầu khác nhau của bạn để làm việc hoặc chơi game\r\n\r\n【Con Chuột có thể sạc lại】\r\n - Với pin sạc tích hợp có nghĩa là bạn có thể sử dụng chuột này mà không có nguy cơ không có vài pin trong tầm tay\r\n\r\n【Tương Thích rộng】\r\n - Kết nối không dây Bluetooth và 2.4G giúp chuột này hỗ trợ hầu hết các thiết bị hỗ trợ Bluetooth hoặc các thiết bị có cổng USB ((LS KIÊN TRÌ LƯU Ý: chức năng \"Tiến & lùi\" không được Mac OS hỗ trợ)\r\n\r\n【Con Chuột dọc tiện dụng】\r\n\r\n1 Chuột đa năng\r\nChuột này kết nối đồng thời 3 thiết bị qua Bluetooth 5.0 + Bluetooth 3.0 + 2.4G USB, nút chuyển đổi chỉ gần ngón tay cái của bạn để chuyển đổi giữa 3 thiết bị một cách dễ dàng, có đèn chiếu sáng thấy ở trên cùng của chuột Để cho bạn biết chế độ kết nối nào bạn đang sử dụng\r\n\r\n【Chúi Thiết kế tiện dụng dọc】\r\nHình dạng của Chuột Bluetooth này giữ cho bàn tay của bạn ở trong t\r\n\r\n\r\n\r\n【Chúi Dọc thân thiện với người dùng】\r\nCác nút chuyển tiếp và phía sau cho phép bạn hoạt động nhanh hơn và hiệu quả hơn, nút chuyển đổi chế độ trên mông cho phép bạn có thể chuyển đổi từ máy tính của mình một cách dễ dàng bằng một cú nhấp chuột đơn giản (PLS LƯU Ý: Mc OS DO KHÔNG Hỗ TRỢ các chức năng \"Đi tới và lùi\")\r\n\r\n\r\n\r\n【Chân Chuột công thái học có thể sạc lại】\r\nVới pin sạc tích hợp có nghĩa là bạn có thể sử dụng chuột này mà không có nguy cơ không có vài pin trong tầm tay\r\n\r\n\r\n\r\n【Với Nút trái / phải không ồn ào & không ồn ào】\r\nVới nhấp chuột không ồn ào và nhấp nháy bằng giọng nói cho nút trái / phải để đáp ứng các nhu cầu khác nhau của bạn, bạn có thể chọn một cái không ồn mà không làm phiền người khác, trong khi bạn cũng có thể chọn một cái Voiced để tận hưởng \"Bấm\"\r\n\r\n\r\nThông số kỹ thuật sản phẩm:\r\n\r\n\r\n\r\nDpi: 1000/1600 (mặc định) / 2400\r\n\r\nTrọng lượng: 120g\r\n\r\nDung lượng pin: 500 mah\r\n\r\nLàm việc hiện tại: 5mA\r\n\r\nThời gian làm việc: 100h\r\n\r\nPhạm vi: 10m\r\n\r\nChế độ ngủ: Nhập chế độ ngủ sau 30 phút hoạt động\r\n\r\nHệ thống tương thích: Windows XP, Windows 7, Windows 10, Mc OS, Android, IDS', 0, 59),
(31, 'Chuột bluetooth không dây ANKNDO thích hợp cho máy tính Apple Samsung Huawei Lenovo Android Windows', 1780000.00, 'dedb88e84009fe5b5cc73b9b1c2598a3.jpg', 'Loại sản phẩm: Chuột bluetooth\r\n\r\nKích thước chuột: Chuột thường (100-120mm)\r\n\r\nKết nối với máy tính: Bluetooth \r\n\r\nModel tương thích: Máy tính xách tay\r\n\r\nĐộ phân giải quang học: 1600dpi\r\n\r\n\r\n\r\nSố lượng phím: 4\r\n\r\nGiao diện: Bluetooth\r\n\r\nTần số truyền không dây: phạm vi 10m\r\n\r\nCó hỗ trợ công thái học hay không: không được hỗ trợ\r\n\r\nĐộ phân giải có thể điều chỉnh: ba bánh răng trở xuống\r\n\r\nKhoảng cách hoạt động: 10M\r\n\r\nPhương pháp hoạt động: quang điện\r\n\r\nHướng bánh xe: bánh xe bốn chiều\r\n\r\nSử dụng cho: Máy tính để bàn, Máy tính xách tay, / IPad / Điện thoại / Máy tính xách tay / Máy tính bảng\r\n\r\nKích thước: 12,6 * 7,6 * 3 cm\r\n\r\nTrọng lượng: 65g\r\n\r\n\r\n\r\n[Gói hàng bao gồm]\r\n\r\n1 x Chuột không dây', 0, 59),
(32, 'Điện thoại Apple iPhone 14 Pro Max 128GB', 27000000.00, '93b3f6d4799b06f9279f817540daa4d1.jpg', 'Điện thoại iPhone 14 Pro Max sở hữu thiết kế nhỏ gọn cho khả năng cầm nắm thoải mái. Về thông số màn hình, điện thoại được trang bị màn hình có độ phân giải 2556 x 1179 pixel và mật độ điểm ảnh 2556 x 1179 pixel mang lại khả năng hiển thị ấn tượng.\r\n\r\n\r\n\r\nĐiện thoại được trang bị màn hình Dynamic Island siêu ấn tượng với khả năng tuy biến thành nhiều dạng theo điều khiển của người dùng. Nhờ đó người dùng có thể theo dõi và hiển thị nhanh các thông tin như cuộc gọi, chỉ đường, hẹn giờ,...\r\n\r\n\r\n\r\nTrên điện thoại iPhone 14 Pro Max, lần đầu Apple trang bị cho sản phẩm của mình camera cảm biến lớn. Theo đó, thiết bị đã được nâng cấp camera chính lên độ phân giải 48MP, kết hợp công ngệ pixel-pinning hỗ trợ nâng cao khả năng chụp hình trong điều kiện thiếu sáng.\r\n\r\n\r\n\r\nĐiện thoại được trang bị viên pin dung lượng lớn cùng con chip Apple A16, thiết bị mang lại thời gian phát video trực tuyến lên tới 20 giờ hoặc 75 giờ phát nhạc.\r\n\r\n\r\n\r\nBộ sản phẩm bao gồm: \r\n\r\n•        Điện thoại \r\n\r\n•        Dây sạc\r\n\r\n•        HDSD Bảo hành điện tử 12 tháng.\r\n\r\n\r\n\r\nThông tin bảo hành:\r\n\r\nBảo hành: 12 tháng kể từ ngày kích hoạt sản phẩm.\r\n\r\nKích hoạt bảo hành tại: https://checkcoverage.apple.com/vn/en/\r\n\r\n\r\n\r\nHướng dẫn kiểm tra địa điểm bảo hành gần nhất:\r\n\r\nBước 1: Truy cập vào đường link https://getsupport.apple.com/?caller=grl&locale=en_VN \r\n\r\nBước 2: Chọn sản phẩm.\r\n\r\nBước 3: Điền Apple ID, nhập mật khẩu.\r\n\r\nSau khi hoàn tất, hệ thống sẽ gợi ý những trung tâm bảo hành gần nhất.\r\n\r\n\r\n\r\nTại Việt Nam, về chính sách bảo hành và đổi trả của Apple, \"sẽ được áp dụng chung\" theo các điều khoản được liệt kê dưới đây:\r\n\r\n\r\n\r\n1) Chính sách chung: https://www.apple.com/legal/warranty/products/warranty-rest-of-apac-vietnamese.html\r\n\r\n\r\n\r\n2) Chính sách cho phụ kiện: https://www.apple.com/legal/warranty/products/accessory-warranty-vietnam.html\r\n\r\n\r\n\r\n3) Các trung tâm bảo hành Apple ủy quyền tại Việt Nam: https://getsupport.apple.com/repair-locations?locale=vi_VN\r\n\r\n\r\n\r\nQúy khách vui lòng đọc kỹ hướng dẫn và quy định trên các trang được Apple công bố công khai, Shop chỉ có thể hỗ trợ theo đúng chính sách được đăng công khai của thương hiệu Apple tại Việt Nam,\r\n\r\n\r\n\r\nBài viết tham khảo chính sách hỗ trợ của nhà phân phối tiêu biểu:\r\n\r\n\r\n\r\nhttps://synnexfpt.com/bao-hanh/chinh-sach-bao-hanh/?agency-group=1&agency-slug=san-pham-apple\r\n\r\n\r\n\r\n Để thuận tiện hơn trong việc xử lý khiếu nại, đơn hàng của Brand Apple thường có giá trị cao, Qúy khách mua hàng vui lòng quay lại Clip khui mở kiện hàng (khách quan nhất có thể, đủ 6 mặt) giúp Shopee có thêm căn cứ để làm việc với các bên và đẩy nhanh tiến độ xử lý giúp Qúy khách mua hàng.', 0, 56),
(33, 'iPad gen 9 10.2 inch WiFi 64GB', 7090000.00, '0006300_silver_jpg.webp', 'iPad Gen 9 (2021) Mạnh mẽ. Dễ sử dụng. Đa năng. Học sinh thích học với iPad mới. Với chip A13 Bionic mạnh mẽ, thời lượng pin bền bỉ cả ngày, màn hình Retina 10.2 inch tuyệt đẹp, Wi-Fi siêu nhanh, camera trước Ultra Wide với tính năng Trung Tâm Màn Hình, và tương thích với Apple Pencil và the Smart Keyboard. iPad giúp học sinh làm việc và học tập nhiều hơn và dễ dàng hơn. Tất cả tính năng với mức giá ấn tượng.\r\n\r\nTính năng nổi bật\r\n\r\nChip A13 Bionic với Neural Engine cho sức mạnh để xử lý mọi khối lượng bài tập\r\nBộ lưu trữ lên tới 256GB để lưu trữ tài liệu học tập, ảnh, video và game\r\niPad luôn sẵn sàng phục vụ mục đích học tập hay giải trí với thời lượng pin bền bỉ cả ngày\r\nMàn hình Retina 10.2 inch tuyệt đẹp với công nghệ True Tone cho bạn không gian màn hình thoải mái để làm bài tập\r\nWi-Fi 6 (802.11ax) và dữ liệu di động LTE chuẩn Gigabit khi không có WI-FI\r\nCamera trước Ultra Wide 12MP với tính năng Trung Tâm Màn Hình cho các cuộc gọi video lôi cuốn hơn\r\nTương thích với Apple Pencil (thế hệ thứ 1) và Smart Keyboard\r\niPadOS 15 sở hữu sức mạnh độc đáo, dễ sử dụng và được thiết kế cho tính đa năng của iPad\r\nBền bỉ với thời gian để giúp bạn tiết kiệm chi phí và bảo vệ môi trường\r\nCác thông tin Apple đảm bảo ( Pháp lý) \r\n\r\nỨng dụng có sẵn trên App Store. Nội dung được cung cấp có thể thay đổi. Thời lượng pin khác nhau tùy theo cách sử dụng và cấu hình. Truy cập  để biết thêm thông tin. Phụ kiện được bán riêng. Khả năng tương thích tùy thuộc thế hệ sản phẩm. Cần có gói cước dữ liệu. Mạng LTE chuẩn Gigabit, 4G LTE Advanced, 4G LTE và gọi Wi-Fi chỉ khả dụng ở một số thị trường và được cung cấp qua một số nhà mạng. Tốc độ phụ thuộc vào thông lượng lý thuyết và có thể thay đổi tùy địa điểm và nhà mạng. Để biết thông tin về hỗ trợ mạng LTE, vui lòng liên hệ nhà mạng', 0, 62),
(34, 'iPhone 11 128GB', 11890000.00, '80386b46b38542ed0c673e130e72672f.jpg', 'iPhone 11 với hệ thống camera kép với Ultra Wide. Chế độ Ban Đêm và chất lượng video tuyệt vời.  Chống nước và chống bụi. Thời lượng pin lâu. Với 6 màu tuyệt đẹp. Trải nghiệm iPhone 11.\r\n\r\nTính năng nổi bật\r\nMàn hình Liquid Retina HD LCD 6.1 inch\r\nChống nước và chống bụi (chống nước ở độ sâu 2 mét trong vòng tối đa 30 phút, đạt mức IP68)\r\n Hệ thống camera kép 12MP với camera Ultra Wide và Wide; chế độ Ban Đêm, chế độ Chân Dung, và khả năng quay video 4K tốc độ tối đa 60 fps\r\n Camera trước TrueDepth 12MP với chế độ Chân Dung, có khả năng quay video 4K, và quay video chậm\r\n Xác thực bảo mật với Face ID\r\n Chip A13 Bionic với Neural Engine thế hệ thứ ba\r\n Khả năng sạc nhanh\r\n Sạc không dây\r\n iOS 14 với các tiện ích được thiết kế lại trên Màn Hình Chính, Thư Viện Ứng Dụng hoàn toàn mới, App Clips cùng nhiều tính năng khác\r\nBộ sản phẩm bao gồm\r\n\r\nĐiện thoại. Dây sạc. HDSD bảo hành điện tử 12 tháng\r\n\r\nCác thông tin Apple đảm bảo (Pháp lý)\r\n\r\niPhone 11 có khả năng chống tia nước, chống nước và chống bụi. Sản phẩm đã qua kiểm nghiệm trong điều kiện phòng thí nghiệm có kiểm soát đạt mức IP68 theo tiêu chuẩn IEC 60529 (chống nước ở độ sâu tối đa 2 mét trong vòng tối đa 30 phút). Khả năng chống tia nước, chống nước và chống bụi không phải là các điều kiện vĩnh viễn, và khả năng này có thể giảm do hao mòn thông thường. Không sạc pin khi iPhone đang bị ướt. Vui lòng tham khảo hướng dẫn sử dụng để biết cách lau sạch và làm khô máy. Không bảo hành sản phẩm bị hỏng do thấm chất lỏng. Thời lượng pin khác nhau tùy theo cách sử dụng và cấu hình. Truy cập apple.com/batteries để biết thêm thông tin. Màn hình có các góc bo tròn. Khi tính theo hình chữ nhật, kích thước màn hình iPhone 11 là 6.06 inch theo đường chéo. Diện tích hiển thị thực tế nhỏ hơn. Không bán kèm bộ sạc không dây Qi.', 0, 56),
(35, 'Điện thoại Apple iPhone 13 128GB', 16490000.00, '242a10dd98cc056cbd73d12fdf280b9b.jpg', 'Thông số kỹ thuật\r\n\r\nMàn hình: OLED6.1\"Super Retina XDR\r\n\r\nHệ điều hành: iOS 15\r\n\r\nCamera sau: 2 camera 12 MP\r\n\r\nCamera trước: 12 MP\r\n\r\nChip: Apple A15 Bionic\r\n\r\nRAM: 4 GB\r\n\r\nBộ nhớ trong: 128 GB\r\n\r\nSIM: 1 Nano SIM & 1 eSIMHỗ trợ 5G\r\n\r\nPin, Sạc: 20 W\r\n\r\n\r\n\r\nBộ sản phẩm bao gồm: thân máy, sách hướng dẫn,...\r\n\r\n\r\n\r\nThông tin bảo hành\r\n\r\nBảo hành: 12 tháng kể từ ngày kích hoạt sản phẩm.\r\n\r\nKích hoạt bảo hành tại: https://checkcoverage.apple.com/vn/en/\r\n\r\n\r\n\r\nHướng dẫn kiểm tra địa điểm bảo hành gần nhất:\r\n\r\nBước 1: Truy cập vào đường link https://getsupport.apple.com/?caller=grl&locale=en_VN \r\n\r\nBước 2: Chọn sản phẩm.\r\n\r\nBước 3: Điền Apple ID, nhập mật khẩu.\r\n\r\nSau khi hoàn tất, hệ thống sẽ gợi ý những trung tâm bảo hành gần nhất.\r\n\r\n\r\n\r\nTại Việt Nam, về chính sách bảo hành và đổi trả của Apple, \"sẽ được áp dụng chung\" theo các điều khoản được liệt kê dưới đây:\r\n\r\n\r\n\r\n1) Chính sách chung: https://www.apple.com/legal/warranty/products/warranty-rest-of-apac-vietnamese.html\r\n\r\n\r\n\r\n2) Chính sách cho phụ kiện: https://www.apple.com/legal/warranty/products/accessory-warranty-vietnam.html\r\n\r\n\r\n\r\n3) Các trung tâm bảo hành Apple ủy quyền tại Việt Nam: https://getsupport.apple.com/repair-locations?locale=vi_VN\r\n\r\n\r\n\r\nQúy khách vui lòng đọc kỹ hướng dẫn và quy định trên các trang được Apple công bố công khai, Shop chỉ có thể hỗ trợ theo đúng chính sách được đăng công khai của thương hiệu Apple tại Việt Nam,\r\n\r\n\r\n\r\nBài viết tham khảo chính sách hỗ trợ của nhà phân phối tiêu biểu:\r\n\r\n\r\n\r\nhttps://synnexfpt.com/bao-hanh/chinh-sach-bao-hanh/?agency-group=1&agency-slug=san-pham-apple\r\n\r\n\r\n\r\n Để thuận tiện hơn trong việc xử lý khiếu nại, đơn hàng của Brand Apple thường có giá trị cao, Qúy khách mua hàng vui lòng quay lại Clip khui mở kiện hàng (khách quan nhất có thể, đủ 6 mặt) giúp Shopee có thêm căn cứ để làm việc với các bên và đẩy nhanh tiến độ xử lý giúp Qúy khách mua hàng.', 0, 56),
(36, 'Apple iPhone 14 Promax 128GB VN/A- Hàng Chính Hãng [Futureworld- APR]', 33890000.00, 'vn-11134201-7qukw-leqx5q78ncmree.jpg', 'iPhone 14 Pro Max. Bắt trọn chi tiết ấn tượng với Camera Chính 48MP. Trải nghiệm iPhone theo cách hoàn toàn mới với Dynamic Island và màn hình Luôn Bật. Phát Hiện Va Chạm,1 một tính năng an toàn mới, thay bạn gọi trợ giúp khi cần kíp.\r\n\r\nMàn hình SuperRetina XDR 6,7inch với tính năng Luôn Bật và ProMotion\r\n\r\nDynamic Islandmột cách mới tuyệt diệu để tương tác với iPhone\r\n\r\nCamera Chính 48MP cho độ phân giải gấp 4 lần\r\n\r\nChế độ Điện Ảnh nay đã hỗ trợ 4K Dolby Vision tốc độ lên đến 30fps\r\n\r\nChế độ Hành Động để quay video cầm tay mượt mà,ổn định\r\n\r\nCông nghệ an toàn quan trọng – Phát Hiện Va Chạm1 thay bạn gọi trợ giúp khi cần kíp\r\n\r\nThời lượng pin cả ngày và thời gian xem video lên đến 29giờ\r\n\r\nA16 Bionic, chip điện thoại thông minh tuyệt đỉnh. Mạng di động 5G siêu nhanh\r\n\r\nCác tính năng về độ bền dẫn đầu như Ceramic Shield và khả năng chống nước\r\n\r\niOS16 đem đến thêm nhiều cách để cá nhân hóa, giao tiếp và chia sẻ\r\n\r\n', 0, 56),
(37, 'Điện thoại Apple iPhone 14 Plus 128GB', 21290000.00, '0982de1d517eed28495a9bbcaced5881.jpg', 'iPhone 14 Plus. Nghĩ lớn cùng màn hình 6,7 inch lớn hơn1 và thời lượng pin bền bỉ cả ngày.2 Chụp những bức ảnh tuyệt đẹp trong điều kiện thiếu sáng và dư sáng cùng hệ thống camera kép mới. Phát Hiện Va Chạm,3 một tính năng an toàn mới, thay bạn gọi trợ giúp khi cần kíp. \r\n\r\n\r\n\r\n_x000B_Tính năng nổi bật\r\n\r\n•        Màn hình Super Retina XDR 6,7 inch1\r\n\r\n•        Hệ thống camera tiên tiến cho chất lượng ảnh đẹp hơn trong mọi điều kiện ánh sáng\r\n\r\n•        Chế độ Điện Ảnh nay đã hỗ trợ 4K Dolby Vision tốc độ lên đến 30 fps\r\n\r\n•        Chế độ Hành Động để quay video cầm tay mượt mà, ổn định\r\n\r\n•        Công nghệ an toàn quan trọng - Phát Hiện Va Chạm3 thay bạn gọi trợ giúp khi cần kíp.\r\n\r\n•        Thời lượng pin cả ngày và thời gian xem video lên đến 26 giờ2\r\n\r\n•        Chip A15 Bionic với GPU 5 lõi để đạt hiệu suất siêu nhanh. Mạng di động 5G siêu nhanh4\r\n\r\n•        Các tính năng về độ bền dẫn đầu như Ceramic Shield và khả năng chống nước5\r\n\r\n•        iOS 16 đem đến thêm nhiều cách để cá nhân hóa, giao tiếp và chia sẻ6_x000B_\r\n\r\n\r\n\r\nPháp lý\r\n\r\n1Màn hình có các góc bo tròn. Khi tính theo hình chữ nhật chuẩn, kích thước màn hình theo đường chéo là 6,68 inch. Diện tích hiển thị thực tế nhỏ hơn.\r\n\r\n2Thời lượng pin khác nhau tùy theo cách sử dụng và cấu hình; truy cập apple.com/batteries để biết thêm thông tin.\r\n\r\n3SOS Khẩn Cấp sử dụng kết nối mạng di động hoặc Cuộc Gọi Wi-Fi.\r\n\r\n4Cần có gói cước dữ liệu. Mạng 5G chỉ khả dụng ở một số thị trường và được cung cấp qua một số nhà mạng. Tốc độ có thể thay đổi tùy địa điểm và nhà mạng. Để biết thông tin về hỗ trợ mạng 5G, vui lòng liên hệ nhà mạng và truy cập apple.com/iphone/cellular.\r\n\r\n5iPhone 14 Plus có khả năng chống tia nước, chống nước và chống bụi. Sản phẩm đã qua kiểm nghiệm trong điều kiện phòng thí nghiệm có kiểm soát đạt mức IP68 theo tiêu chuẩn IEC 60529 (chống nước ở độ sâu tối đa 6 mét trong vòng tối đa 30 phút). Khả năng chống tia nước, chống nước và chống bụi không phải là các điều kiện vĩnh viễn. Khả năng này có thể giảm do hao mòn thông thường. Không sạc pin khi iPhone đang bị ướt. Vui lòng tham khảo hướng dẫn sử dụng để biết cách lau sạch và làm khô máy. Không bảo hành sản phẩm bị hỏng do thấm chất lỏng.\r\n\r\n6Một số tính năng không khả dụng tại một số quốc gia hoặc khu vực.\r\n\r\n\r\n\r\nThông số kỹ thuật\r\n\r\nTruy cập apple.com/iphone/compare để xem cấu hình đầy đủ. \r\n\r\n\r\n\r\nBộ sản phẩm bao gồm: \r\n\r\n•        Điện thoại \r\n\r\n•        Dây sạc\r\n\r\n•        HDSD Bảo hành điện tử 12 tháng.\r\n\r\n\r\n\r\nThông tin bảo hành:\r\n\r\nBảo hành: 12 tháng kể từ ngày kích hoạt sản phẩm.\r\n\r\nKích hoạt bảo hành tại: https://checkcoverage.apple.com/vn/en/\r\n\r\n\r\n\r\nHướng dẫn kiểm tra địa điểm bảo hành gần nhất:\r\n\r\nBước 1: Truy cập vào đường link https://getsupport.apple.com/?caller=grl&locale=en_VN \r\n\r\nBước 2: Chọn sản phẩm.\r\n\r\nBước 3: Điền Apple ID, nhập mật khẩu.\r\n\r\nSau khi hoàn tất, hệ thống sẽ gợi ý những trung tâm bảo hành gần nhất.\r\n\r\n\r\n\r\nTại Việt Nam, về chính sách bảo hành và đổi trả của Apple, \"sẽ được áp dụng chung\" theo các điều khoản được liệt kê dưới đây:\r\n\r\n\r\n\r\n1) Chính sách chung: https://www.apple.com/legal/warranty/products/warranty-rest-of-apac-vietnamese.html\r\n\r\n\r\n\r\n2) Chính sách cho phụ kiện: https://www.apple.com/legal/warranty/products/accessory-warranty-vietnam.html\r\n\r\n\r\n\r\n3) Các trung tâm bảo hành Apple ủy quyền tại Việt Nam: https://getsupport.apple.com/repair-locations?locale=vi_VN\r\n\r\n\r\n\r\nQúy khách vui lòng đọc kỹ hướng dẫn và quy định trên các trang được Apple công bố công khai, Shop chỉ có thể hỗ trợ theo đúng chính sách được đăng công khai của thương hiệu Apple tại Việt Nam,\r\n\r\n\r\n\r\nBài viết tham khảo chính sách hỗ trợ của nhà phân phối tiêu biểu:\r\n\r\n\r\n\r\nhttps://synnexfpt.com/bao-hanh/chinh-sach-bao-hanh/?agency-group=1&agency-slug=san-pham-apple\r\n\r\n\r\n\r\n Để thuận tiện hơn trong việc xử lý khiếu nại, đơn hàng của Brand Apple thường có giá trị cao, Qúy khách mua hàng vui lòng quay lại Clip khui mở kiện hàng (khách quan nhất có thể, đủ 6 mặt) giúp Shopee có thêm căn cứ để làm việc với các bên và đẩy nhanh tiến độ xử lý giúp Qúy khách mua hàng.', 0, 56),
(38, 'Apple iPhone 15 Pro Max 256GB', 36370000.00, '4-min-2-f6892350-b3a5-49ff-a9eb-3632b842fe50.webp', 'Bảo hành 12 tháng\r\n\r\nSản phẩm gồm: máy + cáp sạc\r\n\r\nDung lượng bộ nhớ (ROM): Lưu trữ thoải mái 15.000 khung hình đỉnh cao, 15.000 bức ảnh Live, quay video 4K tới 18 giờ và 6.000 bài nhạc.\r\n\r\nThiết kế: Khung viền mới chất liệu Titanium - đạt kỷ lục viền máy siêu mảnh kết hợp 4 cạnh bo cong.\r\n\r\nMàn hình: Độ sáng màn hình lên tới 2.000 nits đẳng cấp chưa từng thấy.\r\n\r\nCamera: Ống kính tiềm vọng zoom 5x độc quyền cho khả năng thu phóng “đạt đỉnh”.\r\n\r\nChipset: Vi xử lý A17 Pro ở tiến trình sản xuất 3nm giúp tốc độ xử lý và tối ưu điện năng tăng đột biến tới tới 35%.\r\n\r\nCổng sạc: “Khai tử” sạc Lightning, mở ra kỷ nguyên mới với USB type C cho khả năng truyền dữ liệu siêu tốc độ lên đến 10Gbps.\r\n\r\nNút tác vụ: “Xóa sổ” nút bật/tắt tiếng, thay thế bằng nút tác vụ hỗ trợ 9 chức năng khác nhau cho trải nghiệm sử dụng thêm thuận tiện\r\n\r\nMàu sắc: Bảng màu mới lấy cảm hứng từ Titanium ấn tượng, độc đáo mang đến diện mạo sang chảnh và bắt mắt cho iPhone 15 Pro Max', 0, 56),
(39, 'Apple iPhone 14 Chính hãng VN/A', 19990000.00, 'vn-11134207-7qukw-lgn5s2fxu7ua9d.jpg', '- Hệ thống Siêu thị Viettel Store cam kết cung cấp các sản phẩm chính hãng tới người tiêu dùng (TẤT CẢ SẢN PHẨM ĐỀU NGUYÊN SEAL)\r\n\r\n- Hỗ trợ xuất hóa đơn VAT (Quý khách hàng vui lòng để lại email đặt hàng để nhận hóa đơn điện tử).\r\n\r\n- Tất cả các gói hàng Viettel Store gửi tới Quý khách hàng đều được dán tem niêm phong trên kiện hàng. Quý khách hàng lưu ý dấu hiệu của tem niêm phong trên kiện hàng trước khi nhận hàng.\r\n\r\n- Khách hàng vui lòng chụp/ quay lại lúc nhận/ bóc sản phẩm để đảm bảo quyền lợi về bảo hành, đổi trả sản phẩm.\r\n\r\n- Viettel Store hỗ trợ đổi, bảo hành theo số imei,  tiếp nhận bảo hành sản phẩm tại tất cả siêu thị Viettel Store đang kinh doanh trên toàn quốc. Không hỗ trợ Quý khách hàng trả lại sản phẩm khi đã bóc tem niêm phong gói hàng, bóc seal sản phẩm, đã qua sử dụng.\r\n\r\n\r\n\r\niPhone 14 128GB còn sở hữu nhiều ưu điểm như: khả năng truyền tải dữ liệu cực nhanh; bảng màu bắt mắt với màu xanh nhẹ nhàng, tím trendy; đỏ rực rỡ, thiết kế tinh tế, đẳng cấp; chuẩn chống nước IP68... Mặc dù phiên bản iPhone 14 128GB có mức dung lượng ROM thấp nhất trong các phiên bản iPhone 14 còn lại nhưng bạn có thể lưu trữ được gần 40.000 bức ảnh có độ phân giải 12MP và thoải mái tải hàng chục ứng dụng mạng xã hội như FaceBook, TikTok, Instagram, Twitter,... hay những tựa game hot như Liên Quân, PUBG.\r\n\r\nRa mắt với rất nhiều điểm mới về cả thiết kế và công năng, iPhone 14 được dự đoán sẽ trở thành “cơn sốt” trong thị trường công nghệ. Một số điểm nổi bật trên iPhone 14 128GB có thể kể đến như:\r\n\r\nCảm ứng mượt mà, hiển thị sắc nét\r\n\r\nMàn hình XDR cùng cảm ứng Haptic Touch giúp trải nghiệm của bạn đối với iPhone 14 mượt mà hơn\r\n\r\nVới màn hình Super Retina XDR cùng độ phân giải 2532 x 1170 pixel ở 460 ppi giúp tăng cường độ sáng tối đa 1200 nits, giúp màn hình hiển thị chân thực và rõ nét nhất trong các dòng iPhone. Thêm vào đó, lớp phủ chống bám vân tay oleophobic cùng tính năng Haptic Touch giúp cảm ứng mượt mà, trơn tru hơn.\r\n\r\nDung lượng pin được nâng cấp \r\n\r\nThời lượng sử dụng pin dài đem đến sự hài lòng cho các iFans\r\n\r\nPin Lithium-ion của iPhone 14 với thời lượng pin kéo dài cả ngày cùng khả năng phát lại video liên tục lên đến 20 giờ. Đây là thời lượng sử dụng pin tốt nhất của dòng iPhone nhà \"Táo khuyết\" từ trước đến nay. Với sự cố gắng cải thiện thời lượng pin của Apple sau mỗi lần ra mắt, các iFans sẽ không ngần ngại mà sắm cho mình một chiếc ngay khi iPhone 14 được lên kệ.\r\n\r\nHỗ trợ sạc Magsafe sạc song song cùng cổng lightning\r\n\r\nCải tiến mới nhất trong công nghệ sạc của \"Táo khuyết\": chỉ mất 30 phút để sạc 50% pin cho iPhone\r\n\r\nCũng giống như iPhone 13, phiên bản mới iPhone 14 được tích hợp sạc không dây MagSafe, giúp iPhone sạc nhanh 50% pin trong khoảng 30 phút. Điều này đã đáp ứng đủ các tiêu chí sạc nhanh và sử dụng lâu mà các dòng iPhone trước đáp ứng được.\r\n\r\nCamera sau chất hơn, quay video đỉnh hơn\r\n\r\nBộ camera kép với camera chính có khả năng chụp ảnh thiếu sáng tốt hơn 2,5 lần, khẩu độ f/1.5 cùng camera Ultra Wide gồm Photonic Engine và khẩu độ f/2.4 giúp chụp ảnh góc siêu rộng. \r\n\r\nCamera kép với nhiều tính năng tuyệt vời giúp bạn chụp ảnh sắc nét và chuyên nghiệp\r\n\r\nNgoài ra, Apple còn nâng cấp khả năng phơi sáng ở chế độ Night Mode nhanh hơn gấp 2 lần cùng công nghệ Smart HDR 4 có thể nhận dạng tối đa 4 người trong ảnh và chỉnh độ tương phản cho từng người, giúp bạn có thể chụp được những bức hình hoàn hảo nhất.\r\n\r\nCamera trước nâng cấp, facetime siêu mượt\r\n\r\nFacetime siêu mượt với camera trước sắc nét của iPhone 14\r\n\r\nCamera trước được nâng cấp khả năng tự làm nét giúp cho ra đời những bức ảnh chân dung tuyệt vời. Với TrueDepth camera khẩu độ lên tới f/1.9 và khả năng cải thiện ánh sáng tới 38% khi chụp quay thiếu sáng, giúp chất lượng chụp ảnh chân dung hay facetime mượt mà và sắc nét hơn.\r\n\r\nKết nối vệ tinh cho phép gửi tin nhắn khi không có sóng & wifi\r\n\r\nCông nghệ kết nối với vệ tinh Satellite được nhà Táo khuyết lần đầu tiên ra mắt ở iPhone 14 cho phép bạn gửi tín hiệu SOS ngay cả khi không có sóng điện thoại hay kết nối mạng. Công nghệ này được Apple miễn phí trong 2 năm đầu, được đánh giá là công nghệ tiên tiến nhất trong định vị và phát hiện nguy hiểm. \r\n\r\nCông nghệ kết nối vệ tinh giúp bạn gửi tín hiệu đến các trung tâm cứu hộ gần nhất\r\n\r\nCó Satellite, tín hiệu gửi đi sẽ được vệ tinh nhận và truyền đến các trung tâm cứu hộ, giúp đội cứu hộ có thể xác định vị trí của bạn, từ đó giải cứu bạn kịp thời khỏi nguy hiểm.\r\n\r\nCảm biến va chạm - di chuyển an toàn hơn\r\n\r\nVới 1 triệu giờ lái xe trong thế giới thực và dữ liệu va chạm giúp iPhone 14 phát hiện va chạm và gọi cứu trợ kịp thời\r\n\r\nĐược tích hợp cảm biến gia tốc kế lên đến 256Gs, khả năng phát hiện sự thay đổi đột ngột về áp suất cabin, hướng lái và âm thanh tác động, iPhone 14 có thể nhận ra tai nạn và tự động gọi điện khẩn cấp cho các liên hệ được bạn thêm vào trong danh bạ khẩn cấp, giúp bạn có thể được hỗ trợ một cách nhanh chóng nhất. \r\n\r\nThiết kế đỉnh cao, chuẩn “gu\" tinh tế\r\n\r\nThiết kế nhẹ bền, tinh tế cùng màu sắc tươi tắn của iPhone 14 lộ diện trong sự kiện ra mắt vừa qua\r\n\r\nThiết kế bo tròn các góc theo khung hình', 0, 56),
(40, 'Apple iPhone 13 128GB', 16700000.00, 'sg-11134201-23020-c7smqpt41cnva1.jpg', 'iPhone 13\r\n\r\nHệ thống camera kép tiên tiến nhất từng có trên iPhone. Chip A15 Bionic thần tốc. Bước nhảy vọt về\r\n\r\nthời lượng pin. Thiết kế bền bỉ. Mạng 5G siêu nhanh.1 Cùng với màn hình Super Retina XDR sáng hơn.\r\n\r\n\r\n\r\nTính năng nổi bật\r\n\r\n• Màn hình Super Retina XDR 6.1 inch2\r\n\r\n• Chế độ Điện Ảnh làm tăng thêm độ sâu trường ảnh nông và tự động thay đổi tiêu cự trong video\r\n\r\n• Hệ thống camera kép tiên tiến với camera Wide và Ultra Wide 12MP; Phong Cách Nhiếp Ảnh, HDR thông\r\n\r\nminh thế hệ 4, chế độ Ban Đêm, khả năng quay video HDR Dolby Vision 4K\r\n\r\n• Camera trước TrueDepth 12MP với chế độ Ban Đêm và khả năng quay video HDR Dolby Vision 4K\r\n\r\n• Chip A15 Bionic cho hiệu năng thần tốc\r\n\r\n• Thời gian xem video lên đến 19 giờ3\r\n\r\n• Thiết kế bền bỉ với Ceramic Shield\r\n\r\n• Khả năng chống nước đạt chuẩn IP68 đứng đầu thị trường4\r\n\r\n• Mạng 5G cho tốc độ tải xuống siêu nhanh, xem video và nghe nhạc trực tuyến chất lượng cao1\r\n\r\n• iOS 15 tích hợp nhiều tính năng mới cho phép bạn làm được nhiều việc hơn bao giờ hết với iPhone5\r\n\r\n\r\n\r\nBộ sản phẩm bao gồm\r\n\r\n1. Điện thoại\r\n\r\n2. Dây sạc\r\n\r\n\r\n\r\nPháp lý\r\n\r\n1.Cần có gói cước dữ liệu. Mạng 5G chỉ khả dụng ở một số thị trường và được cung cấp qua một số nhà mạng.\r\n\r\nTốc độ có thể thay đổi tùy địa điểm và nhà mạng. Để biết thông tin về hỗ trợ mạng 5G, vui lòng liên hệ nhà\r\n\r\nmạng và truy cập apple.com/iphone/cellular.\r\n\r\n2.Màn hình có các góc bo tròn theo đường cong tuyệt đẹp và nằm gọn theo một hình chữ nhật chuẩn. Khi tính\r\n\r\ntheo hình chữ nhật chuẩn, kích thước màn hình là 6.06 inch theo đường chéo. Diện tích hiển thị thực tế nhỏ\r\n\r\nhơn.\r\n\r\n3.Thời lượng pin khác nhau tùy theo cách sử dụng và cấu hình. Truy cập apple.com/batteries để biết thêm thông\r\n\r\ntin.\r\n\r\n4.iPhone 13 có khả năng chống nước, chống tia nước và chống bụi. Sản phẩm đã qua kiểm nghiệm trong điều\r\n\r\nkiện phòng thí nghiệm có kiểm soát đạt mức IP68 theo tiêu chuẩn IEC 60529. Khả năng chống tia nước, chống\r\n\r\nnước và chống bụi không phải là các điều kiện vĩnh viễn. Khả năng này có thể giảm do hao mòn thông thường.\r\n\r\nKhông sạc pin khi iPhone đang bị ướt. Vui lòng tham khảo hướng dẫn sử dụng để biết cách lau sạch và làm\r\n\r\nkhô máy. Không bảo hành sản phẩm bị hỏng do thấm chất lỏng.\r\n\r\n5.Một số tính năng không khả dụng tại một số quốc gia hoặc khu vực.\r\n\r\nThông số kỹ thuật\r\n\r\nTruy cập apple.com/iphone/compare để xem cấu hình đầy đủ.', 0, 56),
(41, 'Apple iPhone 13 Chính hãng VN/A', 16890000.00, '0e6e784efa929ec7a5f265842d8bf19f.jpg', '- Hệ thống Siêu thị Viettel Store cam kết cung cấp các sản phẩm chính hãng tới người tiêu dùng (TẤT CẢ SẢN PHẨM ĐỀU NGUYÊN SEAL)\r\n\r\n- Hỗ trợ xuất hóa đơn VAT (Quý khách hàng vui lòng để lại email đặt hàng để nhận hóa đơn điện tử).\r\n\r\n- Tất cả các gói hàng Viettel Store gửi tới Quý khách hàng đều được dán tem niêm phong trên kiện hàng. Quý khách hàng lưu ý dấu hiệu của tem niêm phong trên kiện hàng trước khi nhận hàng.\r\n\r\n- Khách hàng vui lòng chụp/ quay lại lúc nhận/ bóc sản phẩm để đảm bảo quyền lợi về bảo hành, đổi trả sản phẩm.\r\n\r\n- Viettel Store hỗ trợ đổi, bảo hành theo số imei,  tiếp nhận bảo hành sản phẩm tại tất cả siêu thị Viettel Store đang kinh doanh trên toàn quốc. Không hỗ trợ Quý khách hàng trả lại sản phẩm khi đã bóc tem niêm phong gói hàng, bóc seal sản phẩm, đã qua sử dụng.\r\n\r\n\r\n\r\niPhone 13. Hệ thống camera kép tiên tiến nhất từng có trên iPhone. Chip A15 Bionic thần tốc. Bước nhảy vọt về thời lượng pin. Thiết kế bền bỉ. Mạng 5G siêu nhanh (1). Cùng với màn hình Super Retina XDR sáng hơn.\r\n\r\n\r\n\r\nTính năng nổi bật\r\n\r\n• Màn hình Super Retina XDR 6.1 inch (2)\r\n\r\n• Chế độ Điện Ảnh làm tăng thêm độ sâu trường ảnh nông và tự động thay đổi tiêu cự trong video\r\n\r\n• Hệ thống camera kép tiên tiến với camera Wide và Ultra Wide 12MP; Phong Cách Nhiếp Ảnh, HDR thông minh thế hệ 4, chế độ Ban Đêm, khả năng quay video HDR Dolby Vision 4K\r\n\r\n• Camera trước TrueDepth 12MP với chế độ Ban Đêm và khả năng quay video HDR Dolby Vision 4K\r\n\r\n• Chip A15 Bionic cho hiệu năng thần tốc\r\n\r\n• Thời gian xem video lên đến 19 giờ (3)\r\n\r\n• Thiết kế bền bỉ với Ceramic Shield\r\n\r\n• Khả năng chống nước đạt chuẩn IP68 đứng đầu thị trường (4)\r\n\r\n• Mạng 5G cho tốc độ tải xuống siêu nhanh, xem video và nghe nhạc trực tuyến chất lượng cao (1)\r\n\r\n• iOS 15 tích hợp nhiều tính năng mới cho phép bạn làm được nhiều việc hơn bao giờ hết với iPhone (5)\r\n\r\n\r\n\r\nPháp lý\r\n\r\n(1) Cần có gói cước dữ liệu. Mạng 5G chỉ khả dụng ở một số thị trường và được cung cấp qua một số nhà mạng. Tốc độ có thể thay đổi tùy địa điểm và nhà mạng. Để biết thông tin về hỗ trợ mạng 5G, vui lòng liên hệ nhà mạng và truy cập apple.com/iphone/cellular.\r\n\r\n(2)Màn hình có các góc bo tròn theo đường cong tuyệt đẹp và nằm gọn theo một hình chữ nhật chuẩn. Khi tính theo hình chữ nhật chuẩn, kích thước màn hình là 6.06 inch theo đường chéo. Diện tích hiển thị thực tế nhỏ hơn. \r\n\r\n(3) Thời lượng pin khác nhau tùy theo cách sử dụng và cấu hình. Truy cập apple.com/batteries để biết thêm thông tin.\r\n\r\n(4) iPhone 13 có khả năng chống nước, chống tia nước và chống bụi. Sản phẩm đã qua kiểm nghiệm trong điều kiện phòng thí nghiệm có kiểm soát đạt mức IP68 theo tiêu chuẩn IEC 60529. Khả năng chống tia nước, chống nước và chống bụi không phải là các điều kiện vĩnh viễn. Khả năng này có thể giảm do hao mòn thông thường. Không sạc pin khi iPhone đang bị ướt. Vui lòng tham khảo hướng dẫn sử dụng để biết cách lau sạch và làm khô máy. Không bảo hành sản phẩm bị hỏng do thấm chất lỏng. \r\n\r\n(5) Một số tính năng không khả dụng tại một số quốc gia hoặc khu vực. \r\n\r\n\r\n\r\nBộ sản phẩm bao gồm: \r\n\r\n• Điện thoại \r\n\r\n• Dây sạc\r\n\r\n• HDSD Bảo hành điện tử 12 tháng.\r\n\r\n\r\n\r\nThông tin bảo hành:\r\n\r\nBảo hành: 12 tháng kể từ ngày kích hoạt sản phẩm.\r\n\r\nKích hoạt bảo hành tại: https://checkcoverage.apple.com/vn/en/\r\n\r\n\r\n\r\nHướng dẫn kiểm tra địa điểm bảo hành gần nhất:\r\n\r\nBước 1: Truy cập vào đường link https://getsupport.apple.com/?caller=grl&locale=en_VN \r\n\r\nBước 2: Chọn sản phẩm.\r\n\r\nBước 3: Điền Apple ID, nhập mật khẩu.\r\n\r\nSau khi hoàn tất, hệ thống sẽ gợi ý những trung tâm bảo hành gần nhất.', 0, 56),
(42, 'Apple iPad mini 6 8.3-inch (2021) Wi‑Fi 64GB- Hàng Chính Hãng', 12090000.00, 'c9b95ac0303f4f2792b23ccaad4f6a23.jpg', 'Màn hình Retina lỏng\r\nMàn hình cảm ứng đa điểm có đèn nền LED 8,3 inch (chéo) với công nghệ IPS\r\nĐộ phân giải 2266 x 1488 ở 326 pixel mỗi inch (ppi)\r\nMàn hình màu rộng (P3)\r\nMàn hình True Tone\r\nLớp phủ oleophobic chống bám vân tay\r\nMàn hình nhiều lớp hoàn toàn\r\nLớp phủ chống phản xạ\r\n1,8% phản xạ\r\nĐộ sáng 500 nits\r\nHỗ trợ Apple Pencil (thế hệ thứ 2)\r\nMàn hình iPad mini có các góc được bo tròn. Khi đo theo đường chéo của một hình chữ nhật, màn hình là 8,3 inch. Diện tích có thể xem thực tế ít hơn.\r\n\r\nChip\r\nChip A15 Bionic với kiến ​​trúc 64 ‑ bit\r\nCPU 6 nhân\r\nĐồ họa 5 lõi\r\nCông cụ thần kinh 16 lõi\r\nMáy ảnh\r\nMáy ảnh rộng 12MP, khẩu độ ƒ / 1.8\r\nZoom kỹ thuật số lên đến 5x\r\nThấu kính năm phần tử\r\nĐèn flash True Tone Quad-LED\r\nTự động lấy nét với Focus Pixels\r\nToàn cảnh (lên đến 63MP)\r\nHDR thông minh 3\r\nChụp màu rộng cho ảnh và Ảnh trực tiếp\r\nHiệu chỉnh mắt đỏ nâng cao\r\nGắn thẻ địa lý cho ảnh\r\nỔn định hình ảnh tự động\r\nChế độ chụp\r\nĐịnh dạng hình ảnh được chụp: HEIF và JPEG\r\nQuay video\r\nQuay video 4K ở 24 khung hình / giây, 25 khung hình / giây, 30 khung hình / giây hoặc 60 khung hình / giây\r\nQuay video HD 1080p ở tốc độ 25 khung hình / giây, 30 khung hình / giây hoặc 60 khung hình / giây\r\nQuay video HD 720p ở tốc độ 30 khung hình / giây\r\nĐèn flash True Tone Quad-LED\r\nHỗ trợ video chuyển động chậm cho 1080p ở tốc độ 120 khung hình / giây hoặc 240 khung hình / giây\r\nVideo tua nhanh thời gian với tính năng ổn định\r\nPhạm vi động mở rộng cho video lên đến 30 khung hình / giây\r\nỔn định video điện ảnh (4K, 1080p và 720p)\r\nVideo lấy nét tự động liên tục\r\nThu phóng phát lại\r\nĐịnh dạng video được ghi: HEVC và H.264\r\nCamera HD FaceTime\r\nCamera trước siêu rộng 12MP, trường nhìn 122 °\r\nkhẩu độ ƒ / 2.4\r\nHDR thông minh 3\r\nQuay video HD 1080p ở tốc độ 25 khung hình / giây, 30 khung hình / giây hoặc 60 khung hình / giây\r\nVideo tua nhanh thời gian với tính năng ổn định\r\nPhạm vi động mở rộng cho video lên đến 30 khung hình / giây\r\nỔn định video điện ảnh (1080p và 720p)\r\nChụp màu rộng cho ảnh và Ảnh trực tiếp\r\nHiệu chỉnh ống kính\r\nRetina Flash\r\nỔn định hình ảnh tự động\r\nChế độ chụp\r\nGọi điện video3\r\nVideo FaceTime\r\nTrung tâm sân khấu\r\niPad với bất kỳ thiết bị hỗ trợ FaceTime nào qua Wi ‑ Fi hoặc mạng di động\r\n\r\n*Trong hộp gồm: Apple iPad mini 6 Wifi 64GB\r\n*Thời gian bảo hành : 12 tháng', 0, 62),
(43, 'Apple Ipad Air 5 10.9 inch (2022), Wi-Fi', 13890000.00, 'sg-11134201-23020-octtlzd32cnv64.jpg', 'Thông tin sản phẩm \r\n\r\nBộ sản phẩm bao gồm: thân máy liền pin, cáp sạc USB-C và bộ sạc USB-C\r\n\r\niPad Air 5 (2022) iPad Air. Với màn hình Liquid Retina 10.9 inch sống động. Chip Apple M1 đột phá cho hiệu năng nhanh hơn, giúp iPad Air trở nên siêu mạnh mẽ để sáng tạo và chơi game di động. Sở hữu Touch ID, camera tiên tiến, 5G và Wi-Fi 6 nhanh như chớp, cổng USB-C, cùng khả năng hỗ trợ Magic Keyboard và Apple Pencil (thế hệ thứ 2).\r\n\r\nMàn hình Liquid Retina 10.9 inch với True Tone, dải màu rộng P3 và lớp phủ chống phản chiếu\r\n\r\nChip Apple M1 với Neural Engine\r\n\r\nCamera Wide 12MP\r\n\r\nCamera trước Ultra Wide 12MP với tính năng Trung Tâm Màn Hình\r\n\r\nỔ lưu trữ lên đến 256GB\r\n\r\nHiện có màu Xanh Dương, Tím, Hồng, Ánh Sao và Xám Bạc\r\n\r\nLoa stereo ở cạnh trên và cạnh dưới\r\n\r\nXác thực bảo mật với Touch ID\r\n\r\nPin dùng cả ngày\r\n\r\nWi-Fi 6 và mạng 5G\r\n\r\nCổng kết nối USB-C để sạc và kết nối phụ kiện\r\n\r\nTương thích với Magic Keyboard, Smart Keyboard Folio và Apple Pencil (thế hệ thứ 2)\r\n\r\niPadOS 15 sở hữu sức mạnh độc đáo, dễ sử dụng và được thiết kế cho tính đa năng của iPad\r\n\r\nCác thông tin Apple đảm bảo ( Pháp lý) \r\n\r\n Ứng dụng có sẵn trên App Store. Nội dung được cung cấp có thể thay đổi.\r\n\r\nMàn hình có các góc bo tròn. Khi tính theo đường chéo hình chữ nhật, kích thước màn hình iPad Air là 10.86 inch. Diện tích hiển thị thực tế nhỏ hơn. Cần có gói cước dữ liệu. Mạng 5G chỉ khả dụng ở một số thị trường và được cung cấp qua một số nhà mạng. Tốc độ có thể thay đổi tùy địa điểm và nhà mạng. Để biết thông tin về hỗ trợ mạng 5G, vui lòng liên hệ nhà mạng và truy cập apple.com/ipad/cellular. Phụ kiện được bán riêng. Khả năng tương thích tùy thuộc thế hệ sản phẩm. Thời lượng pin khác nhau tùy theo cách sử dụng và cấu hình. Truy cập apple.com/batteries để biết thêm thông tin.', 0, 62),
(44, '[Trả góp 0%] Apple 11-inch iPad Pro M2 Wi-Fi + Cellular 128GB - Hàng Chính Hãng [Futureworld- APR]', 26990000.00, 'sg-11134201-22120-x8jp5cmnkwkvff.jpg', 'iPadPro. Với hiệu suất đáng kinh ngạc, kết nối không dây cực nhanh và trải nghiệm Apple Pencil thế hệ tiếp theo. Ngoài ra, các tính năng cộng tác và năng suất mới mạnh mẽ trong iPadOS 16. iPad Pro là trải nghiệm iPad đỉnh cao.\r\n\r\n• Màn hình Liquid Retina XDR 12,9 inch rực rỡ với ProMotion, True Tone và màu rộng P3\r\n\r\n• Chip M2 với CPU 8 nhân và GPU 10 nhân\r\n\r\n• Camera góc rộng 12MP, camera sau siêu rộng 10MP và Máy quét LiDAR cho AR đắm chìm\r\n\r\n• Camera trước 12MP Ultra Wide với Center Stage\r\n\r\n• Di động Wi-Fi 6E và 5G cực nhanh\r\n\r\n• Đầu nối USB-C hỗ trợ Thunderbolt/USB 4\r\n\r\n• Face ID để xác thực an toàn và Apple Pay\r\n\r\n• Đi xa với thời lượng pin cả ngày\r\n\r\n• Hoạt động với Apple Pencil (thế hệ thứ 2), Magic Keyboard và Smart Keyboard Folio\r\n\r\n• Hỗ trợ di chuột Apple Pencil để đánh dấu và phác thảo chính xác hơn\r\n\r\n• iPadOS 16 giúp iPad của bạn có nhiều khả năng hơn với các tính năng cộng tác và năng suất mới mạnh mẽ\r\n\r\n\r\n\r\nThời hạn bảo hành: 12 tháng\r\n\r\nTrong hộp gồm: \r\n\r\niPad Pro\r\n\r\nUSB-C Charge Cable (1 meter)\r\n\r\n20W USB-C Power Adapter', 0, 62),
(45, '[Trả góp 0%] Apple iPad Gen 10th Wifi 256GB- Hàng Chính Hãng [Futureworld- APR]', 15550000.00, 'sg-11134201-22120-ot8nla29hlkve1.jpg', 'Được mô phỏng lại đầy màu sắc và linh hoạt hơn bao giờ hết. Với thiết kế toàn màn hình, màn hình Liquid Retina 10,9 inch, 1 và 4 màu tuyệt đẹp. iPad mang đến một phương thức mạnh mẽ để sáng tạo, duy trì kết nối và hoàn thành công việc.\r\n\r\n\r\n\r\n• Màn hình Liquid Retina 10,9 inch ấn tượng1 với True Tone\r\n\r\n• Chip A14 Bionic với CPU 6 nhân và GPU 4 nhân\r\n\r\n• Camera lùi 12MP\r\n\r\n• Camera trước 12MP siêu rộng phong cảnh với Center Stage\r\n\r\n• Touch ID để xác thực an toàn\r\n\r\n• Mạng di động Wi-Fi 6 và 5G (dưới 6 GHz)\r\n\r\n• Đầu nối USB-C để sạc và phụ kiện\r\n\r\n• Đi xa với thời lượng pin cả ngày\r\n\r\n• Hoạt động với Apple Pencil (thế hệ 1) và Magic Keyboard Folio\r\n\r\n• iPadOS 16 giúp iPad của bạn có nhiều khả năng hơn với các tính năng cộng tác và năng suất mới mạnh mẽ\r\n\r\n\r\n\r\nNội dung tính năng\r\n\r\nĐược thiết kế lại đầy sắc màu và đa năng hơn bao giờ hết. Với thiết kế toàn màn hình, màn hình Liquid Retina 10.9 inch1 và bốn màu lộng lẫy. iPad đem lại một phương thức mạnh mẽ để sáng tạo, duy trì kết nối và hoàn tất mọi việc.\r\n\r\nPháp lý\r\n\r\nPhụ kiện được bán riêng và tùy thuộc nguồn hàng có sẵn. Khả năng tương thích tùy thuộc thế hệ sản phẩm. Ứng dụng có sẵn trên App Store. Nội dung được cung cấp có thể thay đổi. Phần mềm bên thứ ba được bán riêng.\r\n\r\n1Màn hình có các góc bo tròn. Khi tính theo hình chữ nhật, kích thước màn hình iPad 10.9 inch là 10.86 inch theo đường chéo. Diện tích hiển thị thực tế nhỏ hơn.\r\n\r\nCần có gói cước dữ liệu. Mạng 5G chỉ khả dụng ở một số thị trường và được cung cấp qua một số nhà mạng. Tốc độ có thể thay đổi tùy địa điểm và nhà mạng. \r\n\r\nThời hạn bảo hành: 12 tháng\r\n\r\nTrong hộp gồm: iPad, sạc 20W, cáp USBC 1m', 0, 62),
(46, 'Apple iPad Pro M2 11 inch Wi-Fi + Cellular', 25990000.00, 'sg-11134201-23020-ne50denn2cnv4f.jpg', 'Chọn màu:\r\n\r\nSpace Gray, Silver\r\n\r\n\r\n\r\nThiết kế bên ngoài\r\n\r\n247.6 x 178.5 x 5.9 mm\r\n\r\n470g\r\n\r\nNhôm unibody\r\n\r\nMàn hình\r\n\r\nLiquid Retina, 2388 x 1668p, 264 ppi, dải màu P3,\r\n\r\nQuay video chống rung ProMotion\r\n\r\nđộ sáng 600 nits\r\n\r\nhỗ trợ Apple Pencil 2\r\n\r\nChip\r\n\r\nM2\r\n\r\n8 nhân CPU, 10 nhân GPU, 16 nhân Neural Engine\r\n\r\nTốc độ bộ nhớ lên đến 100GB/s\r\n\r\n8GB RAM (LPDDR5-6400) trên phiên bản 128GB, 256GB, 512GB\r\n\r\n16GB RAM trên phiên bản 1TB, 2TB\r\n\r\nMedia Engine\r\n\r\nHỗ trợ giải mã video chuẩn H.264, HEVC, ProRes, và ProRes RAW\r\n\r\n\r\n\r\nCamera sau\r\n\r\nCamera chính 12MP, f/1.8\r\n\r\nCamera ultrawide 10MP, f/2.4\r\n\r\nSmart HDR 4\r\n\r\nQuay video ProRes 4K 30fps (1080p 30fps cho bản 128GB)\r\n\r\nQuay Cinematic Mode 4K\r\n\r\nCamera trước\r\n\r\n12MP f/2.4 ultrawide\r\n\r\nCenter Stage\r\n\r\nSmart HDR 4\r\n\r\nFaceID\r\n\r\nLoa\r\n\r\n4 loa\r\n\r\n\r\n\r\nMicrophone\r\n\r\n5 mic chuẩn phòng thu\r\n\r\n\r\n\r\nKết nối\r\n\r\nWi-Fi 6E\r\n\r\nBluetooth 5.3\r\n\r\nHỗ trợ Nano-SIM và eSIM cho bản Cellular\r\n\r\n5G (Sub-6GHz và mmWave)\r\n\r\nCổng và vị trí kết nối\r\n\r\nUSB-C Thunderbolt 3 / USB 4\r\n\r\nSmart Connector ở mặt sau\r\n\r\nVị trí hít kết nối & sạc Apple Pencil 2\r\n\r\nPin\r\n\r\n28.65 Wh\r\n\r\n10 tiếng sử dụng lướt web hoặc xem video qua Wi-Fi\r\n\r\n9 tiếng sử dụng lướt web hoặc xem video qua mạng di động\r\n\r\niPadOS\r\n\r\niPadOS 16', 0, 62),
(47, 'Tai nghe CÁCH ÂM Airpod Pro 2 Apple', 5790000.00, 'vn-11134207-7r98o-lmiaqnbt9ja7bc.jpg', 'Tai nghe AirPods Pro 2 là phiên bản nâng cấp của tai nghe AirPods Pro đình đám của Apple. \r\nVới thiết kế nhỏ gọn và không dây, tai nghe này mang đến trải nghiệm âm thanh tốt hơn, chống ồn hiệu quả hơn và tính năng điều khiển bằng giọng nói thông minh.\r\n+AirPods Pro 2 được trang bị chip xử lý H1 mới nhất của Apple.\r\n+Kết nối nhanh chóng và ổn định với các thiết bị Apple khác. \r\n+Tích hợp Siri thông minh\r\n+Chính hãng bảo hành 24 tháng.\r\n+1 đổi 1 nếu có lỗi.\r\nThiết kế của tai nghe được cải tiến với các cánh tai linh hoạt và đệm tai silicon mềm mại, giúp tạo sự thoải mái và ổn định khi đeo trong thời gian dài.', 0, 57),
(48, '[CHÍNH HÃNG] Tai nghe AirPods Pro thế hệ 2 Chưa Có Đánh Giá 1 Đã Bán', 6190000.00, 'vn-11134207-7r98o-llbq2u3don1y3a.jpg', 'Đặc điểm nổi bật:\r\n\r\nSử dụng chip H2 mới mạnh mẽ\r\nTai nghe mới cũng hỗ trợ tính năng Personalized Spatial Audio với người dùng iOS 16, giúp tạo cấu hình âm thanh riêng biệt thông qua camera TrueDepth và đem lại hiệu quả chống ồn gấp đôi so với thế hệ trước. \r\nThời lượng pin lên đến 6 giờ trên mỗi tai nghe và 30 giờ khi kết hợp với hộp sạc\r\nHộp đựng tai nghe được tích hợp tính năng Find My và trang bị loa giúp người dùng tìm kiếm dễ dàng qua tùy chọn phát ra âm thanh và định vị trên ứng dụng di động. Ngoài ra, hộp sạc cũng có khe riêng dành cho dây treo, tương thích với sạc của Apple Watch.\r\nTHÔNG SỐ KỸ THUẬT:\r\n\r\nCHIP: APPLE H2 HEADPHONE CHIP, APPLE U1 CHIP IN MAGSAFE CHARGING CASE\r\n\r\nKHẢ NĂNG CHỐNG NƯỚC: IPX4 (HTTPS://SUPPORT.APPLE.COM/EN-US/HT210711)\r\n\r\nThời lượng pin:\r\nAirPods Pro: Lên đến 6 tiếng cho mỗi lần sạc, lên đến 5.5 tiếng khi sử dụng Spatial Audio and Head Tracking, lên đến 4.5 tiếng đàm thoại cho mỗi lần sạc\r\n\r\nAirPods Pro with MagSafe Charging Case: Lên đến 30 tiếng nghe nhạc, lên đến 24 tiếng đàm thoại\r\n\r\nCÔNG NGHỆ KẾT NỐI: BLUETOOTH 5.3 WIRELESS TECHNOLOGY\r\n\r\nTRONG HỘP GỒM:\r\n\r\nAirPods Pro\r\nMagSafe Charging Case with speaker và lanyard loop\r\nSilicone ear tips (four sizes: XS, S, M, L)\r\nLightning to USB-C Cable\r\nTài liệu hướng dẫn\r\nThông số kỹ thuật chi tiết: https://www.apple.com/airpods-pro/specs/', 0, 57),
(49, 'Tai nghe Bluetooth Apple AirPods 3 chính hãng VN/A', 4890000.00, '9acebf4107cf87d524c628063c72d85e.jpg', 'Thông số kỹ thuật\r\n\r\nThời lượng sử dụng:	AirPods: Thời gian nghe lên đến 6 giờ chỉ với một lần sạc (lên đến 5 giờ khi bật âm thanh không gian); AirPods với hộp sạc MagSafe: Thời gian nghe lên đến 30 giờ, trong hộp đựng 5 phút cung cấp thời gian nghe khoảng 1 giờ\r\n\r\nANC & Ambient Sound:	Trình điều khiển Apple cao cấp tùy chỉnh; Bộ khuếch đại dải động cao tùy chỉnh; Âm thanh không gian với tính năng theo dõi đầu động; Adaptive EQ\r\n\r\nKhả năng chống nước:	Có mic thoại/ Chống nước IPX4\r\n\r\nThời gian sạc:	2 giờ\r\n\r\nTương thích:	iOS (iPhone); iPadOS (iPad); MacOS (Macbook, iMac)\r\n\r\nTrọng lượng:	AirPods (mỗi chiếc): 0,15 ounce (4,28 gam) / Hộp sạc: 1,34 ounce (37,91 gram)\r\n\r\nThời lượng trò chuyện:	AirPods: Thời gian thoại lên đến 4 giờ với một lần sạc; AirPods với hộp sạc MagSafe: thời gian đàm thoại lên đến 20 giờ, trong hộp đựng 5 phút cung cấp thời gian khoảng 1 giờ đàm thoại\r\n\r\nKích thước:	AirPods (mỗi cái): Chiều cao: 1,21 inch (30,79 mm), Chiều rộng: 0,72 inch (18,26 mm), Chiều sâu: 0,76 inch (19,21 mm) / Hộp sạc: Chiều cao: 1,83 inch ( 46,40 mm), Chiều rộng: 2,14 inch (54,40 mm), Chiều sâu: 0,84 inch (21,38 mm)', 0, 57),
(50, 'Máy tính xách tay Apple Macbook Air (2022) M2 chip, 13.6 inches, 8GB, 256GB SSD', 26990000.00, '1cba156175a5ef0b0d356b52451b4c42.jpg', '\r\nKích thước màn hình: 13.6 inches\r\nCông nghệ màn hình: Liquid Retina, True Tone Technology, Wide color (P3)\r\nĐộ phân giải: 2560 x 1664 Pixels\r\nLoại màn hình: LED\r\nĐộ sáng: 500 nits\r\nColors: 1 triệu màu\r\n\r\nĐồ họa\r\nCard onboard\r\nHãng: Apple\r\nModel GPU: 8 - Core\r\n\r\nBảo mật\r\nMở khóa vân tay\r\nMật khẩu\r\n\r\nGiao tiếp & kết nối\r\nCổng giao tiếp	\r\n2 x Thunderbolt 3/USB 4\r\n1 x Jack tai nghe 3.5 mm\r\n1 x MagSafe 3\r\n\r\nWifi: 802.11ax\r\nBluetooth: v5.0\r\nWebcam: 1080p FaceTime HD camera\r\n\r\n m thanh\r\nSố lượng loa: 4\r\nSố lượng microphones: 3\r\nCông nghệ âm thanh: Spatial Audio, Dolby Atmos\r\n\r\nBàn phím & TouchPad\r\nKiểu bàn phím: Backlit Magic Keyboard\r\nBàn phím số: Không\r\nĐèn bàn phím: Có\r\nTouch ID: Có\r\nTouchPad: Multi-touch touchpad\r\n\r\nThông tin pin & Sạc\r\nLoại PIN: Lithium polymer\r\nNguồn vào: 30W USB-C Power Adapter \r\nDung lượng pin: \r\n- Lên tới 18 giờ Apple TV app movie playback\r\n- Lên tới 15 giờ wireless web\r\n\r\nHệ điều hành\r\nOS: macOS\r\n\r\nThông tin bảo hành:\r\nBảo hành: 12 tháng kể từ ngày kích hoạt sản phẩm.\r\nKích hoạt bảo hành tại: https://checkcoverage.apple.com/vn/en/\r\n\r\nHướng dẫn kiểm tra địa điểm bảo hành gần nhất:\r\nBước 1: Truy cập vào đường link https://getsupport.apple.com/?caller=grl&locale=en_VN \r\nBước 2: Chọn sản phẩm.\r\nBước 3: Điền Apple ID, nhập mật khẩu.\r\nSau khi hoàn tất, hệ thống sẽ gợi ý những trung tâm bảo hành gần nhất.\r\n\r\nTại Việt Nam, về chính sách bảo hành và đổi trả của Apple, \"sẽ được áp dụng chung\" theo các điều khoản được liệt kê dưới đây:\r\n\r\n1) Chính sách chung: https://www.apple.com/legal/warranty/products/warranty-rest-of-apac-vietnamese.html\r\n\r\n2) Chính sách cho phụ kiện: https://www.apple.com/legal/warranty/products/accessory-warranty-vietnam.html\r\n\r\n3) Các trung tâm bảo hành Apple ủy quyền tại Việt Nam: https://getsupport.apple.com/repair-locations?locale=vi_VN\r\n\r\nQúy khách vui lòng đọc kỹ hướng dẫn và quy định trên các trang được Apple công bố công khai, Shop chỉ có thể hỗ trợ theo đúng chính sách được đăng công khai của thương hiệu Apple tại Việt Nam,\r\n\r\nBài viết tham khảo chính sách hỗ trợ của nhà phân phối tiêu biểu:\r\n\r\nhttps://synnexfpt.com/bao-hanh/chinh-sach-bao-hanh/?agency-group=1&agency-slug=san-pham-apple\r\n\r\n Để thuận tiện hơn trong việc xử lý khiếu nại, đơn hàng của Brand Apple thường có giá trị cao, Qúy khách mua hàng vui lòng quay lại Clip khui mở kiện hàng (khách quan nhất có thể, đủ 6 mặt) giúp Shopee có thêm căn cứ để làm việc với các bên và đẩy nhanh tiến độ xử lý giúp Qúy khách mua hàng.', 0, 63);

-- --------------------------------------------------------

--
-- Cấu trúc bảng cho bảng `taikhoan`
--

CREATE TABLE `taikhoan` (
  `id` int(11) NOT NULL,
  `user` varchar(255) NOT NULL,
  `pass` varchar(255) NOT NULL,
  `email` varchar(255) NOT NULL,
  `address` varchar(255) DEFAULT NULL,
  `tel` varchar(10) DEFAULT NULL,
  `role` tinyint(4) NOT NULL
) ENGINE=InnoDB DEFAULT CHARSET=utf8mb4 COLLATE=utf8mb4_general_ci;

--
-- Đang đổ dữ liệu cho bảng `taikhoan`
--

INSERT INTO `taikhoan` (`id`, `user`, `pass`, `email`, `address`, `tel`, `role`) VALUES
(3, 'Tuanzzz', '12345', 'minhtuan211004@gmail.com', 'Ianan, Đức Cơ, Gia Lai', '0827767567', 1),
(4, 'Như Ý', '123456', 'Tranthiy16@gmail.com', 'Ianan, Đức Cơ, Gia Lai', '0794580008', 0),
(6, '123', '123', 'minhtuan211004@gmail.com', 'Ianan, Đức Cơ, Gia Lai', '0827767567', 0),
(8, 'admin', '12345', 'minhtuan211004@gmail.com', 'Đức Hưng', '123123', 1),
(9, 'hí anh em', '123456', 'hianhem@gmail.com', '32432@gsdf.com', '21322', 0);

--
-- Chỉ mục cho các bảng đã đổ
--

--
-- Chỉ mục cho bảng `binhluan`
--
ALTER TABLE `binhluan`
  ADD PRIMARY KEY (`id`);

--
-- Chỉ mục cho bảng `danhmuc`
--
ALTER TABLE `danhmuc`
  ADD PRIMARY KEY (`id`);

--
-- Chỉ mục cho bảng `sanpham`
--
ALTER TABLE `sanpham`
  ADD PRIMARY KEY (`id`),
  ADD KEY `lk_iddm_danhmuc` (`iddm`);

--
-- Chỉ mục cho bảng `taikhoan`
--
ALTER TABLE `taikhoan`
  ADD PRIMARY KEY (`id`);

--
-- AUTO_INCREMENT cho các bảng đã đổ
--

--
-- AUTO_INCREMENT cho bảng `binhluan`
--
ALTER TABLE `binhluan`
  MODIFY `id` int(11) NOT NULL AUTO_INCREMENT, AUTO_INCREMENT=79;

--
-- AUTO_INCREMENT cho bảng `danhmuc`
--
ALTER TABLE `danhmuc`
  MODIFY `id` int(11) NOT NULL AUTO_INCREMENT, AUTO_INCREMENT=64;

--
-- AUTO_INCREMENT cho bảng `sanpham`
--
ALTER TABLE `sanpham`
  MODIFY `id` int(11) NOT NULL AUTO_INCREMENT, AUTO_INCREMENT=51;

--
-- AUTO_INCREMENT cho bảng `taikhoan`
--
ALTER TABLE `taikhoan`
  MODIFY `id` int(11) NOT NULL AUTO_INCREMENT, AUTO_INCREMENT=24;

--
-- Các ràng buộc cho các bảng đã đổ
--

--
-- Các ràng buộc cho bảng `sanpham`
--
ALTER TABLE `sanpham`
  ADD CONSTRAINT `lk_iddm_danhmuc` FOREIGN KEY (`iddm`) REFERENCES `danhmuc` (`id`);
COMMIT;

/*!40101 SET CHARACTER_SET_CLIENT=@OLD_CHARACTER_SET_CLIENT */;
/*!40101 SET CHARACTER_SET_RESULTS=@OLD_CHARACTER_SET_RESULTS */;
/*!40101 SET COLLATION_CONNECTION=@OLD_COLLATION_CONNECTION */;
